Workbook

Sheet task2
A1: CustomerID | B1: Count | C1: Country | D1: State | E1: City | F1: Zip Code | G1: Lat Long | H1: Latitude | I1: Longitude | J1: Gender | K1: Senior Citizen | L1: Partner | M1: Dependents | N1: Tenure Months | O1: Phone Service | P1: Multiple Lines | Q1: Internet Service | R1: Online Security | S1: Online Backup | T1: Device Protection | U1: Tech Support | V1: Streaming TV | W1: Streaming Movies | X1: Contract | Y1: Paperless Billing | Z1: Payment Method | AA1: Monthly Charges | AB1: Total Charges | AC1: Churn Label | AD1: Churn Value | AE1: Churn Score | AF1: CLTV | AG1: Churn Reason
A2: 3668-QPYBK | B2: 1 | C2: United States | D2: California | E2: Los Angeles | F2: 90003 | G2: 33.964131, -118.272783 | H2: 33.964131 | I2: -118.27278 | J2: Male | K2: No | L2: No | M2: No | N2: 2 | O2: Yes | P2: No | Q2: DSL | R2: Yes | S2: Yes | T2: No | U2: No | V2: No | W2: No | X2: Month-to-month | Y2: Yes | Z2: Mailed check | AA2: 53.85 | AB2: 108.15 | AC2: Yes | AD2: 1 | AE2: 86 | AF2: 3239 | AG2: Competitor made better offer
A3: 9237-HQITU | B3: 1 | C3: United States | D3: California | E3: Los Angeles | F3: 90005 | G3: 34.059281, -118.30742 | H3: 34.059281 | I3: -118.30742 | J3: Female | K3: No | L3: No | M3: Yes | N3: 2 | O3: Yes | P3: No | Q3: Fiber optic | R3: No | S3: No | T3: No | U3: No | V3: No | W3: No | X3: Month-to-month | Y3: Yes | Z3: Electronic check | AA3: 70.7 | AB3: 151.65 | AC3: Yes | AD3: 1 | AE3: 67 | AF3: 2701 | AG3: Moved
A4: 9305-CDSKC | B4: 1 | C4: United States | D4: California | E4: Los Angeles | F4: 90006 | G4: 34.048013, -118.293953 | H4: 34.048013 | I4: -118.29395 | J4: Female | K4: No | L4: No | M4: Yes | N4: 8 | O4: Yes | P4: Yes | Q4: Fiber optic | R4: No | S4: No | T4: Yes | U4: No | V4: Yes | W4: Yes | X4: Month-to-month | Y4: Yes | Z4: Electronic check | AA4: 99.65 | AB4: 820.5 | AC4: Yes | AD4: 1 | AE4: 86 | AF4: 5372 | AG4: Moved
A5: 7892-POOKP | B5: 1 | C5: United States | D5: California | E5: Los Angeles | F5: 90010 | G5: 34.062125, -118.315709 | H5: 34.062125 | I5: -118.31571 | J5: Female | K5: No | L5: Yes | M5: Yes | N5: 28 | O5: Yes | P5: Yes | Q5: Fiber optic | R5: No | S5: No | T5: Yes | U5: Yes | V5: Yes | W5: Yes | X5: Month-to-month | Y5: Yes | Z5: Electronic check | AA5: 104.8 | AB5: 3046.05 | AC5: Yes | AD5: 1 | AE5: 84 | AF5: 5003 | AG5: Moved
A6: 0280-XJGEX | B6: 1 | C6: United States | D6: California | E6: Los Angeles | F6: 90015 | G6: 34.039224, -118.266293 | H6: 34.039224 | I6: -118.26629 | J6: Male | K6: No | L6: No | M6: Yes | N6: 49 | O6: Yes | P6: Yes | Q6: Fiber optic | R6: No | S6: Yes | T6: Yes | U6: No | V6: Yes | W6: Yes | X6: Month-to-month | Y6: Yes | Z6: Bank transfer (automatic) | AA6: 103.7 | AB6: 5036.3 | AC6: Yes | AD6: 1 | AE6: 89 | AF6: 5340 | AG6: Competitor had better devices
A7: 4190-MFLUW | B7: 1 | C7: United States | D7: California | E7: Los Angeles | F7: 90020 | G7: 34.066367, -118.309868 | H7: 34.066367 | I7: -118.30987 | J7: Female | K7: No | L7: Yes | M7: No | N7: 10 | O7: Yes | P7: No | Q7: DSL | R7: No | S7: No | T7: Yes | U7: Yes | V7: No | W7: No | X7: Month-to-month | Y7: No | Z7: Credit card (automatic) | AA7: 55.2 | AB7: 528.35 | AC7: Yes | AD7: 1 | AE7: 78 | AF7: 5925 | AG7: Competitor offered higher download speeds
A8: 8779-QRDMV | B8: 1 | C8: United States | D8: California | E8: Los Angeles | F8: 90022 | G8: 34.02381, -118.156582 | H8: 34.02381 | I8: -118.15658 | J8: Male | K8: Yes | L8: No | M8: No | N8: 1 | O8: No | P8: No phone service | Q8: DSL | R8: No | S8: No | T8: Yes | U8: No | V8: No | W8: Yes | X8: Month-to-month | Y8: Yes | Z8: Electronic check | AA8: 39.65 | AB8: 39.65 | AC8: Yes | AD8: 1 | AE8: 100 | AF8: 5433 | AG8: Competitor offered more data
A9: 1066-JKSGK | B9: 1 | C9: United States | D9: California | E9: Los Angeles | F9: 90024 | G9: 34.066303, -118.435479 | H9: 34.066303 | I9: -118.43548 | J9: Male | K9: No | L9: No | M9: No | N9: 1 | O9: Yes | P9: No | Q9: No | R9: No internet service | S9: No internet service | T9: No internet service | U9: No internet service | V9: No internet service | W9: No internet service | X9: Month-to-month | Y9: No | Z9: Mailed check | AA9: 20.15 | AB9: 20.15 | AC9: Yes | AD9: 1 | AE9: 92 | AF9: 4832 | AG9: Competitor made better offer
A10: 6467-CHFZW | B10: 1 | C10: United States | D10: California | E10: Los Angeles | F10: 90028 | G10: 34.099869, -118.326843 | H10: 34.099869 | I10: -118.32684 | J10: Male | K10: No | L10: Yes | M10: Yes | N10: 47 | O10: Yes | P10: Yes | Q10: Fiber optic | R10: No | S10: Yes | T10: No | U10: No | V10: Yes | W10: Yes | X10: Month-to-month | Y10: Yes | Z10: Electronic check | AA10: 99.35 | AB10: 4749.15 | AC10: Yes | AD10: 1 | AE10: 77 | AF10: 5789 | AG10: Competitor had better devices
A11: 8665-UTDHZ | B11: 1 | C11: United States | D11: California | E11: Los Angeles | F11: 90029 | G11: 34.089953, -118.294824 | H11: 34.089953 | I11: -118.29482 | J11: Male | K11: No | L11: Yes | M11: No | N11: 1 | O11: No | P11: No phone service | Q11: DSL | R11: No | S11: Yes | T11: No | U11: No | V11: No | W11: No | X11: Month-to-month | Y11: No | Z11: Electronic check | AA11: 30.2 | AB11: 30.2 | AC11: Yes | AD11: 1 | AE11: 97 | AF11: 2915 | AG11: Competitor had better devices
A12: 8773-HHUOZ | B12: 1 | C12: United States | D12: California | E12: Los Angeles | F12: 90032 | G12: 34.078821, -118.177576 | H12: 34.078821 | I12: -118.17758 | J12: Female | K12: No | L12: No | M12: No | N12: 17 | O12: Yes | P12: No | Q12: DSL | R12: No | S12: No | T12: No | U12: No | V12: Yes | W12: Yes | X12: Month-to-month | Y12: Yes | Z12: Mailed check | AA12: 64.7 | AB12: 1093.1 | AC12: Yes | AD12: 1 | AE12: 74 | AF12: 3022 | AG12: Competitor offered higher download speeds
A13: 6047-YHPVI | B13: 1 | C13: United States | D13: California | E13: Los Angeles | F13: 90039 | G13: 34.110845, -118.259595 | H13: 34.110845 | I13: -118.2596 | J13: Male | K13: No | L13: No | M13: Yes | N13: 5 | O13: Yes | P13: No | Q13: Fiber optic | R13: No | S13: No | T13: No | U13: No | V13: No | W13: No | X13: Month-to-month | Y13: Yes | Z13: Electronic check | AA13: 69.7 | AB13: 316.9 | AC13: Yes | AD13: 1 | AE13: 66 | AF13: 2454 | AG13: Competitor offered higher download speeds
... A1870: 8361-LTMKD | B1870: 1 | C1870: United States | D1870: California | E1870: Apple Valley | F1870: 92307 | G1870: 34.55082, -117.122396 | H1870: 34.55082 | I1870: -117.1224 | J1870: Male | K1870: Yes | L1870: Yes | M1870: No | N1870: 4 | O1870: Yes | P1870: Yes | Q1870: Fiber optic | R1870: No | S1870: No | T1870: No | U1870: No | V1870: No | W1870: No | X1870: Month-to-month | Y1870: Yes | Z1870: Mailed check | AA1870: 74.4 | AB1870: 306.6 | AC1870: Yes | AD1870: 1 | AE1870: 77 | AF1870: 5839 | AG1870: Competitor offered more data
A1871: 7590-VHVEG | B1871: 1 | C1871: United States | D1871: California | E1871: Los Angeles | F1871: 90001 | G1871: 33.973616, -118.24902 | H1871: 33.973616 | I1871: -118.24902 | J1871: Female | K1871: No | L1871: Yes | M1871: No | N1871: 1 | O1871: No | P1871: No phone service | Q1871: DSL | R1871: No | S1871: Yes | T1871: No | U1871: No | V1871: No | W1871: No | X1871: Month-to-month | Y1871: Yes | Z1871: Electronic check | AA1871: 29.85 | AB1871: 29.85 | AC1871: No | AD1871: 0 | AE1871: 27 | AF1871: 3964
A1872: 5575-GNVDE | B1872: 1 | C1872: United States | D1872: California | E1872: Los Angeles | F1872: 90002 | G1872: 33.949255, -118.246978 | H1872: 33.949255 | I1872: -118.24698 | J1872: Male | K1872: No | L1872: No | M1872: No | N1872: 34 | O1872: Yes | P1872: No | Q1872: DSL | R1872: Yes | S1872: No | T1872: Yes | U1872: No | V1872: No | W1872: No | X1872: One year | Y1872: No | Z1872: Mailed check | AA1872: 56.95 | AB1872: 1889.5 | AC1872: No | AD1872: 0 | AE1872: 61 | AF1872: 3441
A1873: 7795-CFOCW | B1873: 1 | C1873: United States | D1873: California | E1873: Los Angeles | F1873: 90004 | G1873: 34.076259, -118.310715 | H1873: 34.076259 | I1873: -118.31072 | J1873: Male | K1873: No | L1873: No | M1873: No | N1873: 45 | O1873: No | P1873: No phone service | Q1873: DSL | R1873: Yes | S1873: No | T1873: Yes | U1873: Yes | V1873: No | W1873: No | X1873: One year | Y1873: No | Z1873: Bank transfer (automatic) | AA1873: 42.3 | AB1873: 1840.75 | AC1873: No | AD1873: 0 | AE1873: 66 | AF1873: 4307
A1874: 1452-KIOVK | B1874: 1 | C1874: United States | D1874: California | E1874: Los Angeles | F1874: 90007 | G1874: 34.027337, -118.28515 | H1874: 34.027337 | I1874: -118.28515 | J1874: Male | K1874: No | L1874: No | M1874: Yes | N1874: 22 | O1874: Yes | P1874: Yes | Q1874: Fiber optic | R1874: No | S1874: Yes | T1874: No | U1874: No | V1874: Yes | W1874: No | X1874: Month-to-month | Y1874: Yes | Z1874: Credit card (automatic) | AA1874: 89.1 | AB1874: 1949.4 | AC1874: No | AD1874: 0 | AE1874: 43 | AF1874: 4459
A1875: 6713-OKOMC | B1875: 1 | C1875: United States | D1875: California | E1875: Los Angeles | F1875: 90008 | G1875: 34.008293, -118.346766 | H1875: 34.008293 | I1875: -118.34677 | J1875: Female | K1875: No | L1875: No | M1875: No | N1875: 10 | O1875: No | P1875: No phone service | Q1875: DSL | R1875: Yes | S1875: No | T1875: No | U1875: No | V1875: No | W1875: No | X1875: Month-to-month | Y1875: No | Z1875: Mailed check | AA1875: 29.75 | AB1875: 301.9 | AC1875: No | AD1875: 0 | AE1875: 51 | AF1875: 2013
A1876: 6388-TABGU | B1876: 1 | C1876: United States | D1876: California | E1876: Los Angeles | F1876: 90011 | G1876: 34.00709, -118.258681 | H1876: 34.00709 | I1876: -118.25868 | J1876: Male | K1876: No | L1876: No | M1876: No | N1876: 62 | O1876: Yes | P1876: No | Q1876: DSL | R1876: Yes | S1876: Yes | T1876: No | U1876: No | V1876: No | W1876: No | X1876: One year | Y1876: No | Z1876: Bank transfer (automatic) | AA1876: 56.15 | AB1876: 3487.95 | AC1876: No | AD1876: 0 | AE1876: 58 | AF1876: 4529
A1877: 9763-GRSKD | B1877: 1 | C1877: United States | D1877: California | E1877: Los Angeles | F1877: 90012 | G1877: 34.065875, -118.238728 | H1877: 34.065875 | I1877: -118.23873 | J1877: Male | K1877: No | L1877: Yes | M1877: Yes | N1877: 13 | O1877: Yes | P1877: No | Q1877: DSL | R1877: Yes | S1877: No | T1877: No | U1877: No | V1877: No | W1877: No | X1877: Month-to-month | Y1877: Yes | Z1877: Mailed check | AA1877: 49.95 | AB1877: 587.45 | AC1877: No | AD1877: 0 | AE1877: 76 | AF1877: 5764
A1878: 7469-LKBCI | B1878: 1 | C1878: United States | D1878: California | E1878: Los Angeles | F1878: 90013 | G1878: 34.044639, -118.240413 | H1878: 34.044639 | I1878: -118.24041 | J1878: Male | K1878: No | L1878: No | M1878: No | N1878: 16 | O1878: Yes | P1878: No | Q1878: No | R1878: No internet service | S1878: No internet service | T1878: No internet service | U1878: No internet service | V1878: No internet service | W1878: No internet service | X1878: Two year | Y1878: No | Z1878: Credit card (automatic) | AA1878: 18.95 | AB1878: 326.8 | AC1878: No | AD1878: 0 | AE1878: 39 | AF1878: 4726
A1879: 8091-TTVAX | B1879: 1 | C1879: United States | D1879: California | E1879: Los Angeles | F1879: 90014 | G1879: 34.043144, -118.251977 | H1879: 34.043144 | I1879: -118.25198 | J1879: Male | K1879: No | L1879: Yes | M1879: No | N1879: 58 | O1879: Yes | P1879: Yes | Q1879: Fiber optic | R1879: No | S1879: No | T1879: Yes | U1879: No | V1879: Yes | W1879: Yes | X1879: One year | Y1879: No | Z1879: Credit card (automatic) | AA1879: 100.35 | AB1879: 5681.1 | AC1879: No | AD1879: 0 | AE1879: 71 | AF1879: 6432
A1880: 5129-JLPIS | B1880: 1 | C1880: United States | D1880: California | E1880: Los Angeles | F1880: 90016 | G1880: 34.028331, -118.354338 | H1880: 34.028331 | I1880: -118.35434 | J1880: Male | K1880: No | L1880: No | M1880: No | N1880: 25 | O1880: Yes | P1880: No | Q1880: Fiber optic | R1880: Yes | S1880: No | T1880: Yes | U1880: Yes | V1880: Yes | W1880: Yes | X1880: Month-to-month | Y1880: Yes | Z1880: Electronic check | AA1880: 105.5 | AB1880: 2686.05 | AC1880: No | AD1880: 0 | AE1880: 75 | AF1880: 5822
A1881: 3655-SNQYZ | B1881: 1 | C1881: United States | D1881: California | E1881: Los Angeles | F1881: 90017 | G1881: 34.052842, -118.264495 | H1881: 34.052842 | I1881: -118.26449 | J1881: Female | K1881: No | L1881: Yes | M1881: No | N1881: 69 | O1881: Yes | P1881: Yes | Q1881: Fiber optic | R1881: Yes | S1881: Yes | T1881: Yes | U1881: Yes | V1881: Yes | W1881: Yes | X1881: Two year | Y1881: No | Z1881: Credit card (automatic) | AA1881: 113.25 | AB1881: 7895.15 | AC1881: No | AD1881: 0 | AE1881: 43 | AF1881: 5141
A1882: 8191-XWSZG | B1882: 1 | C1882: United States | D1882: California | E1882: Los Angeles | F1882: 90018 | G1882: 34.028735, -118.317236 | H1882: 34.028735 | I1882: -118.31724 | J1882: Female | K1882: No | L1882: No | M1882: No | N1882: 52 | O1882: Yes | P1882: No | Q1882: No | R1882: No internet service | S1882: No internet service | T1882: No internet service | U1882: No internet service | V1882: No internet service | W1882: No internet service | X1882: One year | Y1882: No | Z1882: Mailed check | AA1882: 20.65 | AB1882: 1022.95 | AC1882: No | AD1882: 0 | AE1882: 35 | AF1882: 5186
... A2235: 3649-JPUGY | B2235: 1 | C2235: United States | D2235: California | E2235: San Bernardino | F2235: 92407 | G2235: 34.250069, -117.393949 | H2235: 34.250069 | I2235: -117.39395 | J2235: Male | K2235: No | L2235: No | M2235: No | N2235: 72 | O2235: Yes | P2235: Yes | Q2235: DSL | R2235: No | S2235: Yes | T2235: Yes | U2235: Yes | V2235: Yes | W2235: Yes | X2235: Two year | Y2235: Yes | Z2235: Bank transfer (automatic) | AA2235: 88.6 | AB2235: 6201.95 | AC2235: No | AD2235: 0 | AE2235: 52 | AF2235: 5842
A2236: 4472-LVYGI | B2236: 1 | C2236: United States | D2236: California | E2236: San Bernardino | F2236: 92408 | G2236: 34.084909, -117.258107 | H2236: 34.084909 | I2236: -117.25811 | J2236: Female | K2236: No | L2236: Yes | M2236: No | N2236: 0 | O2236: No | P2236: No phone service | Q2236: DSL | R2236: Yes | S2236: No | T2236: Yes | U2236: Yes | V2236: Yes | W2236: No | X2236: Two year | Y2236: Yes | Z2236: Bank transfer (automatic) | AA2236: 52.55 | AC2236: No | AD2236: 0 | AE2236: 36 | AF2236: 2578
A2237: 3552-CTCYF | B2237: 1 | C2237: United States | D2237: California | E2237: San Bernardino | F2237: 92411 | G2237: 34.122501, -117.320138 | H2237: 34.122501 | I2237: -117.32014 | J2237: Male | K2237: No | L2237: Yes | M2237: Yes | N2237: 63 | O2237: Yes | P2237: Yes | Q2237: Fiber optic | R2237: No | S2237: Yes | T2237: Yes | U2237: No | V2237: Yes | W2237: Yes | X2237: Two year | Y2237: Yes | Z2237: Bank transfer (automatic) | AA2237: 104.8 | AB2237: 6597.25 | AC2237: No | AD2237: 0 | AE2237: 20 | AF2237: 4046
A2238: 6778-YSNIH | B2238: 1 | C2238: United States | D2238: California | E2238: Riverside | F2238: 92501 | G2238: 33.994676, -117.372498 | H2238: 33.994676 | I2238: -117.3725 | J2238: Female | K2238: No | L2238: No | M2238: No | N2238: 2 | O2238: Yes | P2238: No | Q2238: DSL | R2238: No | S2238: Yes | T2238: No | U2238: No | V2238: Yes | W2238: No | X2238: Month-to-month | Y2238: Yes | Z2238: Electronic check | AA2238: 59 | AB2238: 114.15 | AC2238: No | AD2238: 0 | AE2238: 33 | AF2238: 5810
A2239: 5756-OZRIO | B2239: 1 | C2239: United States | D2239: California | E2239: Riverside | F2239: 92504 | G2239: 33.9108, -117.398153 | H2239: 33.9108 | I2239: -117.39815 | J2239: Male | K2239: Yes | L2239: Yes | M2239: No | N2239: 61 | O2239: Yes | P2239: Yes | Q2239: DSL | R2239: No | S2239: Yes | T2239: No | U2239: No | V2239: No | W2239: Yes | X2239: One year | Y2239: No | Z2239: Bank transfer (automatic) | AA2239: 64.05 | AB2239: 3902.6 | AC2239: No | AD2239: 0 | AE2239: 29 | AF2239: 4001
A2240: 6579-JPICP | B2240: 1 | C2240: United States | D2240: California | E2240: Riverside | F2240: 92505 | G2240: 33.920907, -117.489426 | H2240: 33.920907 | I2240: -117.48943 | J2240: Male | K2240: No | L2240: No | M2240: No | N2240: 1 | O2240: Yes | P2240: No | Q2240: No | R2240: No internet service | S2240: No internet service | T2240: No internet service | U2240: No internet service | V2240: No internet service | W2240: No internet service | X2240: Month-to-month | Y2240: No | Z2240: Mailed check | AA2240: 20.4 | AB2240: 20.4 | AC2240: No | AD2240: 0 | AE2240: 46 | AF2240: 2968
A2241: 4134-BSXLX | B2241: 1 | C2241: United States | D2241: California | E2241: Riverside | F2241: 92507 | G2241: 33.976328, -117.319786 | H2241: 33.976328 | I2241: -117.31979 | J2241: Male | K2241: No | L2241: Yes | M2241: No | N2241: 28 | O2241: Yes | P2241: No | Q2241: DSL | R2241: Yes | S2241: Yes | T2241: No | U2241: Yes | V2241: No | W2241: No | X2241: Month-to-month | Y2241: No | Z2241: Mailed check | AA2241: 60.9 | AB2241: 1785.65 | AC2241: No | AD2241: 0 | AE2241: 76 | AF2241: 3851
A2242: 0505-SPOOW | B2242: 1 | C2242: United States | D2242: California | E2242: Riverside | F2242: 92508 | G2242: 33.885499, -117.324959 | H2242: 33.885499 | I2242: -117.32496 | J2242: Female | K2242: No | L2242: Yes | M2242: No | N2242: 70 | O2242: Yes | P2242: No | Q2242: No | R2242: No internet service | S2242: No internet service | T2242: No internet service | U2242: No internet service | V2242: No internet service | W2242: No internet service | X2242: Two year | Y2242: No | Z2242: Bank transfer (automatic) | AA2242: 19.8 | AB2242: 1397.65 | AC2242: No | AD2242: 0 | AE2242: 30 | AF2242: 4500
A2243: 4374-YMUSQ | B2243: 1 | C2243: United States | D2243: California | E2243: Lake Elsinore | F2243: 92530 | G2243: 33.655421, -117.391751 | H2243: 33.655421 | I2243: -117.39175 | J2243: Male | K2243: No | L2243: No | M2243: No | N2243: 34 | O2243: Yes | P2243: Yes | Q2243: Fiber optic | R2243: Yes | S2243: Yes | T2243: Yes | U2243: Yes | V2243: Yes | W2243: Yes | X2243: One year | Y2243: No | Z2243: Credit card (automatic) | AA2243: 116.25 | AB2243: 3899.05 | AC2243: No | AD2243: 0 | AE2243: 22 | AF2243: 4022
A2244: 4513-CXYIX | B2244: 1 | C2244: United States | D2244: California | E2244: Lake Elsinore | F2244: 92532 | G2244: 33.705836, -117.318204 | H2244: 33.705836 | I2244: -117.3182 | J2244: Female | K2244: Yes | L2244: Yes | M2244: No | N2244: 71 | O2244: Yes | P2244: Yes | Q2244: Fiber optic | R2244: Yes | S2244: No | T2244: No | U2244: No | V2244: No | W2244: No | X2244: Two year | Y2244: Yes | Z2244: Credit card (automatic) | AA2244: 80.7 | AB2244: 5676 | AC2244: No | AD2244: 0 | AE2244: 54 | AF2244: 4583
A2245: 3957-HHLMR | B2245: 1 | C2245: United States | D2245: California | E2245: Aguanga | F2245: 92536 | G2245: 33.482243, -116.827173 | H2245: 33.482243 | I2245: -116.82717 | J2245: Female | K2245: No | L2245: Yes | M2245: No | N2245: 70 | O2245: Yes | P2245: Yes | Q2245: DSL | R2245: Yes | S2245: No | T2245: No | U2245: No | V2245: No | W2245: Yes | X2245: One year | Y2245: No | Z2245: Bank transfer (automatic) | AA2245: 65.2 | AB2245: 4543.15 | AC2245: No | AD2245: 0 | AE2245: 20 | AF2245: 6316
A2246: 7803-XOCCZ | B2246: 1 | C2246: United States | D2246: California | E2246: Anza | F2246: 92539 | G2246: 33.527605, -116.666551 | H2246: 33.527605 | I2246: -116.66655 | J2246: Female | K2246: No | L2246: Yes | M2246: Yes | N2246: 52 | O2246: Yes | P2246: No | Q2246: Fiber optic | R2246: Yes | S2246: No | T2246: Yes | U2246: Yes | V2246: No | W2246: No | X2246: Month-to-month | Y2246: Yes | Z2246: Bank transfer (automatic) | AA2246: 84.05 | AB2246: 4326.8 | AC2246: No | AD2246: 0 | AE2246: 48 | AF2246: 6099
A2247: 5736-YEJAX | B2247: 1 | C2247: United States | D2247: California | E2247: Hemet | F2247: 92543 | G2247: 33.739415, -116.968339 | H2247: 33.739415 | I2247: -116.96834 | J2247: Male | K2247: No | L2247: No | M2247: No | N2247: 69 | O2247: Yes | P2247: Yes | Q2247: DSL | R2247: Yes | S2247: Yes | T2247: Yes | U2247: Yes | V2247: Yes | W2247: No | X2247: Two year | Y2247: Yes | Z2247: Credit card (automatic) | AA2247: 79.45 | AB2247: 5502.55 | AC2247: No | AD2247: 0 | AE2247: 28 | AF2247: 5189
A2248: 8981-FJGLA | B2248: 1 | C2248: United States | D2248: California | E2248: Hemet | F2248: 92545 | G2248: 33.734933, -117.044145 | H2248: 33.734933 | I2248: -117.04415 | J2248: Male | K2248: No | L2248: No | M2248: Yes | N2248: 11 | O2248: Yes | P2248: Yes | Q2248: Fiber optic | R2248: No | S2248: No | T2248: Yes | U2248: No | V2248: No | W2248: No | X2248: Month-to-month | Y2248: Yes | Z2248: Mailed check | AA2248: 78 | AB2248: 851.8 | AC2248: No | AD2248: 0 | AE2248: 23 | AF2248: 4886
... A2439: 1410-RSCMR | B2439: 1 | C2439: United States | D2439: California | E2439: Edwards | F2439: 93523 | G2439: 34.966777, -117.961179 | H2439: 34.966777 | I2439: -117.96118 | J2439: Male | K2439: No | L2439: Yes | M2439: Yes | N2439: 7 | O2439: Yes | P2439: No | Q2439: DSL | R2439: Yes | S2439: No | T2439: Yes | U2439: Yes | V2439: No | W2439: Yes | X2439: Month-to-month | Y2439: Yes | Z2439: Credit card (automatic) | AA2439: 71.35 | AB2439: 515.75 | AC2439: No | AD2439: 0 | AE2439: 30 | AF2439: 3459
A2440: 3115-CZMZD | B2440: 1 | C2440: United States | D2440: California | E2440: Independence | F2440: 93526 | G2440: 36.869584, -118.189241 | H2440: 36.869584 | I2440: -118.18924 | J2440: Male | K2440: No | L2440: No | M2440: No | N2440: 0 | O2440: Yes | P2440: No | Q2440: No | R2440: No internet service | S2440: No internet service | T2440: No internet service | U2440: No internet service | V2440: No internet service | W2440: No internet service | X2440: Two year | Y2440: No | Z2440: Mailed check | AA2440: 20.25 | AC2440: No | AD2440: 0 | AE2440: 68 | AF2440: 5504
A2441: 0139-IVFJG | B2441: 1 | C2441: United States | D2441: California | E2441: Inyokern | F2441: 93527 | G2441: 36.041315, -118.188235 | H2441: 36.041315 | I2441: -118.18824 | J2441: Female | K2441: No | L2441: Yes | M2441: No | N2441: 2 | O2441: Yes | P2441: No | Q2441: Fiber optic | R2441: Yes | S2441: Yes | T2441: No | U2441: No | V2441: Yes | W2441: No | X2441: Month-to-month | Y2441: No | Z2441: Electronic check | AA2441: 90.35 | AB2441: 190.5 | AC2441: No | AD2441: 0 | AE2441: 29 | AF2441: 5361
A2442: 5730-DBDSI | B2442: 1 | C2442: United States | D2442: California | E2442: June Lake | F2442: 93529 | G2442: 37.730269, -119.055813 | H2442: 37.730269 | I2442: -119.05581 | J2442: Male | K2442: No | L2442: No | M2442: No | N2442: 66 | O2442: Yes | P2442: No | Q2442: No | R2442: No internet service | S2442: No internet service | T2442: No internet service | U2442: No internet service | V2442: No internet service | W2442: No internet service | X2442: Two year | Y2442: No | Z2442: Bank transfer (automatic) | AA2442: 19.7 | AB2442: 1253.8 | AC2442: No | AD2442: 0 | AE2442: 36 | AF2442: 4601
A2443: 0030-FNXPP | B2443: 1 | C2443: United States | D2443: California | E2443: Keeler | F2443: 93530 | G2443: 36.560498, -117.962461 | H2443: 36.560498 | I2443: -117.96246 | J2443: Female | K2443: No | L2443: No | M2443: No | N2443: 3 | O2443: Yes | P2443: No | Q2443: No | R2443: No internet service | S2443: No internet service | T2443: No internet service | U2443: No internet service | V2443: No internet service | W2443: No internet service | X2443: Month-to-month | Y2443: No | Z2443: Mailed check | AA2443: 19.85 | AB2443: 57.2 | AC2443: No | AD2443: 0 | AE2443: 59 | AF2443: 5634
A2444: 5684-FJVYR | B2444: 1 | C2444: United States | D2444: California | E2444: Lake Hughes | F2444: 93532 | G2444: 34.659579, -118.584212 | H2444: 34.659579 | I2444: -118.58421 | J2444: Female | K2444: No | L2444: Yes | M2444: No | N2444: 72 | O2444: Yes | P2444: Yes | Q2444: Fiber optic | R2444: Yes | S2444: Yes | T2444: No | U2444: Yes | V2444: No | W2444: No | X2444: Two year | Y2444: Yes | Z2444: Bank transfer (automatic) | AA2444: 90.35 | AB2444: 6563.4 | AC2444: No | AD2444: 0 | AE2444: 49 | AF2444: 5794
A2445: 4013-GUXND | B2445: 1 | C2445: United States | D2445: California | E2445: Lancaster | F2445: 93534 | G2445: 34.727529, -118.153098 | H2445: 34.727529 | I2445: -118.1531 | J2445: Male | K2445: No | L2445: No | M2445: No | N2445: 1 | O2445: Yes | P2445: No | Q2445: No | R2445: No internet service | S2445: No internet service | T2445: No internet service | U2445: No internet service | V2445: No internet service | W2445: No internet service | X2445: Month-to-month | Y2445: No | Z2445: Mailed check | AA2445: 20.8 | AB2445: 20.8 | AC2445: No | AD2445: 0 | AE2445: 38 | AF2445: 3678
A2446: 1266-NZYUI | B2446: 1 | C2446: United States | D2446: California | E2446: Lee Vining | F2446: 93541 | G2446: 37.890145, -119.184087 | H2446: 37.890145 | I2446: -119.18409 | J2446: Female | K2446: No | L2446: Yes | M2446: No | N2446: 72 | O2446: Yes | P2446: Yes | Q2446: DSL | R2446: Yes | S2446: No | T2446: Yes | U2446: Yes | V2446: No | W2446: No | X2446: Two year | Y2446: No | Z2446: Bank transfer (automatic) | AA2446: 66.85 | AB2446: 4758.8 | AC2446: No | AD2446: 0 | AE2446: 32 | AF2446: 6264
A2447: 7969-FFOWG | B2447: 1 | C2447: United States | D2447: California | E2447: Littlerock | F2447: 93543 | G2447: 34.505273, -117.955054 | H2447: 34.505273 | I2447: -117.95505 | J2447: Male | K2447: No | L2447: Yes | M2447: No | N2447: 65 | O2447: Yes | P2447: No | Q2447: No | R2447: No internet service | S2447: No internet service | T2447: No internet service | U2447: No internet service | V2447: No internet service | W2447: No internet service | X2447: Two year | Y2447: No | Z2447: Mailed check | AA2447: 19.9 | AB2447: 1292.6 | AC2447: No | AD2447: 0 | AE2447: 34 | AF2447: 6312
A2448: 4718-DHSMV | B2448: 1 | C2448: United States | D2448: California | E2448: Llano | F2448: 93544 | G2448: 34.500091, -117.765862 | H2448: 34.500091 | I2448: -117.76586 | J2448: Female | K2448: No | L2448: No | M2448: No | N2448: 11 | O2448: No | P2448: No phone service | Q2448: DSL | R2448: No | S2448: No | T2448: No | U2448: No | V2448: Yes | W2448: No | X2448: Month-to-month | Y2448: Yes | Z2448: Mailed check | AA2448: 35.8 | AB2448: 363.15 | AC2448: No | AD2448: 0 | AE2448: 44 | AF2448: 2534
A2449: 5175-WLYXL | B2449: 1 | C2449: United States | D2449: California | E2449: Lone Pine | F2449: 93545 | G2449: 36.590415, -118.073839 | H2449: 36.590415 | I2449: -118.07384 | J2449: Male | K2449: No | L2449: No | M2449: No | N2449: 22 | O2449: Yes | P2449: Yes | Q2449: Fiber optic | R2449: No | S2449: Yes | T2449: No | U2449: No | V2449: No | W2449: No | X2449: Month-to-month | Y2449: Yes | Z2449: Mailed check | AA2449: 78.85 | AB2449: 1600.25 | AC2449: No | AD2449: 0 | AE2449: 75 | AF2449: 2444
A2450: 7817-OMJNA | B2450: 1 | C2450: United States | D2450: California | E2450: Mammoth Lakes | F2450: 93546 | G2450: 37.550074, -118.837167 | H2450: 37.550074 | I2450: -118.83717 | J2450: Male | K2450: No | L2450: No | M2450: No | N2450: 14 | O2450: Yes | P2450: No | Q2450: No | R2450: No internet service | S2450: No internet service | T2450: No internet service | U2450: No internet service | V2450: No internet service | W2450: No internet service | X2450: One year | Y2450: No | Z2450: Bank transfer (automatic) | AA2450: 20.4 | AB2450: 275.7 | AC2450: No | AD2450: 0 | AE2450: 50 | AF2450: 5068
A2451: 8728-SKJLR | B2451: 1 | C2451: United States | D2451: California | E2451: Olancha | F2451: 93549 | G2451: 36.296851, -117.865469 | H2451: 36.296851 | I2451: -117.86547 | J2451: Male | K2451: No | L2451: No | M2451: No | N2451: 41 | O2451: Yes | P2451: No | Q2451: Fiber optic | R2451: No | S2451: No | T2451: No | U2451: Yes | V2451: No | W2451: No | X2451: Month-to-month | Y2451: Yes | Z2451: Electronic check | AA2451: 74.25 | AB2451: 3089.1 | AC2451: No | AD2451: 0 | AE2451: 78 | AF2451: 3277
A2452: 3137-NYQQI | B2452: 1 | C2452: United States | D2452: California | E2452: Palmdale | F2452: 93550 | G2452: 34.536232, -118.082935 | H2452: 34.536232 | I2452: -118.08294 | J2452: Male | K2452: No | L2452: Yes | M2452: No | N2452: 17 | O2452: Yes | P2452: No | Q2452: DSL | R2452: Yes | S2452: Yes | T2452: No | U2452: No | V2452: No | W2452: Yes | X2452: One year | Y2452: No | Z2452: Mailed check | AA2452: 64.8 | AB2452: 1175.6 | AC2452: No | AD2452: 0 | AE2452: 70 | AF2452: 3546
... A2569: 6630-UJZMY | B2569: 1 | C2569: United States | D2569: California | E2569: Palo Alto | F2569: 94306 | G2569: 37.416159, -122.131337 | H2569: 37.416159 | I2569: -122.13134 | J2569: Female | K2569: Yes | L2569: Yes | M2569: No | N2569: 4 | O2569: Yes | P2569: Yes | Q2569: Fiber optic | R2569: No | S2569: No | T2569: No | U2569: No | V2569: Yes | W2569: No | X2569: Month-to-month | Y2569: Yes | Z2569: Electronic check | AA2569: 83.25 | AB2569: 308.05 | AC2569: No | AD2569: 0 | AE2569: 37 | AF2569: 5251
A2570: 5709-LVOEQ | B2570: 1 | C2570: United States | D2570: California | E2570: San Mateo | F2570: 94401 | G2570: 37.590421, -122.306467 | H2570: 37.590421 | I2570: -122.30647 | J2570: Female | K2570: No | L2570: Yes | M2570: No | N2570: 0 | O2570: Yes | P2570: No | Q2570: DSL | R2570: Yes | S2570: Yes | T2570: Yes | U2570: No | V2570: Yes | W2570: Yes | X2570: Two year | Y2570: No | Z2570: Mailed check | AA2570: 80.85 | AC2570: No | AD2570: 0 | AE2570: 45 | AF2570: 2048
A2571: 2692-AQCPF | B2571: 1 | C2571: United States | D2571: California | E2571: San Mateo | F2571: 94403 | G2571: 37.538309, -122.305109 | H2571: 37.538309 | I2571: -122.30511 | J2571: Female | K2571: No | L2571: Yes | M2571: No | N2571: 65 | O2571: Yes | P2571: Yes | Q2571: Fiber optic | R2571: No | S2571: Yes | T2571: Yes | U2571: Yes | V2571: Yes | W2571: Yes | X2571: One year | Y2571: Yes | Z2571: Credit card (automatic) | AA2571: 108.05 | AB2571: 7118.9 | AC2571: No | AD2571: 0 | AE2571: 69 | AF2571: 6047
A2572: 0347-UBKUZ | B2572: 1 | C2572: United States | D2572: California | E2572: San Mateo | F2572: 94404 | G2572: 37.556094, -122.272437 | H2572: 37.556094 | I2572: -122.27244 | J2572: Female | K2572: No | L2572: No | M2572: No | N2572: 15 | O2572: Yes | P2572: No | Q2572: No | R2572: No internet service | S2572: No internet service | T2572: No internet service | U2572: No internet service | V2572: No internet service | W2572: No internet service | X2572: Month-to-month | Y2572: No | Z2572: Mailed check | AA2572: 19.9 | AB2572: 320.45 | AC2572: No | AD2572: 0 | AE2572: 29 | AF2572: 3366
A2573: 0835-DUUIQ | B2573: 1 | C2573: United States | D2573: California | E2573: Alameda | F2573: 94501 | G2573: 37.774633, -122.274434 | H2573: 37.774633 | I2573: -122.27443 | J2573: Female | K2573: No | L2573: No | M2573: No | N2573: 24 | O2573: Yes | P2573: No | Q2573: No | R2573: No internet service | S2573: No internet service | T2573: No internet service | U2573: No internet service | V2573: No internet service | W2573: No internet service | X2573: One year | Y2573: No | Z2573: Bank transfer (automatic) | AA2573: 21.05 | AB2573: 531.55 | AC2573: No | AD2573: 0 | AE2573: 63 | AF2573: 2050
A2574: 0811-GSDTP | B2574: 1 | C2574: United States | D2574: California | E2574: Alameda | F2574: 94502 | G2574: 37.724817, -122.224363 | H2574: 37.724817 | I2574: -122.22436 | J2574: Female | K2574: No | L2574: No | M2574: Yes | N2574: 13 | O2574: No | P2574: No phone service | Q2574: DSL | R2574: No | S2574: Yes | T2574: No | U2574: No | V2574: No | W2574: No | X2574: Month-to-month | Y2574: No | Z2574: Electronic check | AA2574: 30.15 | AB2574: 382.2 | AC2574: No | AD2574: 0 | AE2574: 22 | AF2574: 3540
A2575: 7567-ECMCM | B2575: 1 | C2575: United States | D2575: California | E2575: Danville | F2575: 94506 | G2575: 37.791481, -121.903253 | H2575: 37.791481 | I2575: -121.90325 | J2575: Male | K2575: No | L2575: No | M2575: No | N2575: 24 | O2575: Yes | P2575: No | Q2575: Fiber optic | R2575: No | S2575: No | T2575: No | U2575: No | V2575: No | W2575: Yes | X2575: Month-to-month | Y2575: Yes | Z2575: Credit card (automatic) | AA2575: 79.85 | AB2575: 2001 | AC2575: No | AD2575: 0 | AE2575: 43 | AF2575: 5128
A2576: 6115-ZTBFQ | B2576: 1 | C2576: United States | D2576: California | E2576: Alamo | F2576: 94507 | G2576: 37.855717, -121.994813 | H2576: 37.855717 | I2576: -121.99481 | J2576: Female | K2576: No | L2576: Yes | M2576: No | N2576: 72 | O2576: No | P2576: No phone service | Q2576: DSL | R2576: Yes | S2576: Yes | T2576: Yes | U2576: Yes | V2576: Yes | W2576: Yes | X2576: Two year | Y2576: No | Z2576: Bank transfer (automatic) | AA2576: 65.5 | AB2576: 4919.7 | AC2576: No | AD2576: 0 | AE2576: 25 | AF2576: 4119
A2577: 6353-BRMMA | B2577: 1 | C2577: United States | D2577: California | E2577: Angwin | F2577: 94508 | G2577: 38.542448, -122.419923 | H2577: 38.542448 | I2577: -122.41992 | J2577: Female | K2577: No | L2577: Yes | M2577: Yes | N2577: 54 | O2577: Yes | P2577: Yes | Q2577: Fiber optic | R2577: Yes | S2577: Yes | T2577: No | U2577: No | V2577: Yes | W2577: Yes | X2577: Month-to-month | Y2577: Yes | Z2577: Bank transfer (automatic) | AA2577: 104.1 | AB2577: 5645.8 | AC2577: No | AD2577: 0 | AE2577: 57 | AF2577: 5795
A2578: 6231-WFGFH | B2578: 1 | C2578: United States | D2578: California | E2578: Benicia | F2578: 94510 | G2578: 38.113533, -122.11926 | H2578: 38.113533 | I2578: -122.11926 | J2578: Male | K2578: No | L2578: Yes | M2578: Yes | N2578: 4 | O2578: Yes | P2578: No | Q2578: No | R2578: No internet service | S2578: No internet service | T2578: No internet service | U2578: No internet service | V2578: No internet service | W2578: No internet service | X2578: Month-to-month | Y2578: Yes | Z2578: Mailed check | AA2578: 20.5 | AB2578: 77.6 | AC2578: No | AD2578: 0 | AE2578: 34 | AF2578: 5053
A2579: 9904-EHEVJ | B2579: 1 | C2579: United States | D2579: California | E2579: Bethel Island | F2579: 94511 | G2579: 38.050558, -121.646924 | H2579: 38.050558 | I2579: -121.64692 | J2579: Female | K2579: Yes | L2579: Yes | M2579: Yes | N2579: 32 | O2579: Yes | P2579: Yes | Q2579: Fiber optic | R2579: No | S2579: No | T2579: Yes | U2579: No | V2579: Yes | W2579: No | X2579: Month-to-month | Y2579: Yes | Z2579: Mailed check | AA2579: 91.35 | AB2579: 2896.55 | AC2579: No | AD2579: 0 | AE2579: 35 | AF2579: 2965
A2580: 6169-PPETC | B2580: 1 | C2580: United States | D2580: California | E2580: Brentwood | F2580: 94513 | G2580: 37.908242, -121.682472 | H2580: 37.908242 | I2580: -121.68247 | J2580: Male | K2580: No | L2580: Yes | M2580: Yes | N2580: 35 | O2580: Yes | P2580: No | Q2580: No | R2580: No internet service | S2580: No internet service | T2580: No internet service | U2580: No internet service | V2580: No internet service | W2580: No internet service | X2580: Two year | Y2580: No | Z2580: Bank transfer (automatic) | AA2580: 20.5 | AB2580: 759.35 | AC2580: No | AD2580: 0 | AE2580: 38 | AF2580: 2009
A2581: 8584-KMVXD | B2581: 1 | C2581: United States | D2581: California | E2581: Calistoga | F2581: 94515 | G2581: 38.629618, -122.593216 | H2581: 38.629618 | I2581: -122.59322 | J2581: Female | K2581: No | L2581: No | M2581: No | N2581: 8 | O2581: Yes | P2581: No | Q2581: Fiber optic | R2581: No | S2581: Yes | T2581: No | U2581: No | V2581: No | W2581: No | X2581: Month-to-month | Y2581: No | Z2581: Electronic check | AA2581: 75.6 | AB2581: 535.55 | AC2581: No | AD2581: 0 | AE2581: 31 | AF2581: 2934
A2582: 8467-WYNSR | B2582: 1 | C2582: United States | D2582: California | E2582: Clayton | F2582: 94517 | G2582: 37.881842, -121.848111 | H2582: 37.881842 | I2582: -121.84811 | J2582: Male | K2582: No | L2582: No | M2582: No | N2582: 22 | O2582: Yes | P2582: No | Q2582: DSL | R2582: Yes | S2582: No | T2582: No | U2582: Yes | V2582: No | W2582: No | X2582: Month-to-month | Y2582: No | Z2582: Mailed check | AA2582: 55.1 | AB2582: 1253.15 | AC2582: No | AD2582: 0 | AE2582: 62 | AF2582: 2729
... A2668: 1751-NCDLI | B2668: 1 | C2668: United States | D2668: California | E2668: Castroville | F2668: 95012 | G2668: 36.784481, -121.759054 | H2668: 36.784481 | I2668: -121.75905 | J2668: Male | K2668: Yes | L2668: Yes | M2668: No | N2668: 46 | O2668: Yes | P2668: Yes | Q2668: Fiber optic | R2668: No | S2668: No | T2668: Yes | U2668: No | V2668: Yes | W2668: Yes | X2668: Month-to-month | Y2668: Yes | Z2668: Electronic check | AA2668: 98.85 | AB2668: 4564.9 | AC2668: No | AD2668: 0 | AE2668: 41 | AF2668: 2641
A2669: 4367-NUYAO | B2669: 1 | C2669: United States | D2669: California | E2669: Cupertino | F2669: 95014 | G2669: 37.306612, -122.080621 | H2669: 37.306612 | I2669: -122.08062 | J2669: Male | K2669: No | L2669: Yes | M2669: Yes | N2669: 0 | O2669: Yes | P2669: Yes | Q2669: No | R2669: No internet service | S2669: No internet service | T2669: No internet service | U2669: No internet service | V2669: No internet service | W2669: No internet service | X2669: Two year | Y2669: No | Z2669: Mailed check | AA2669: 25.75 | AC2669: No | AD2669: 0 | AE2669: 48 | AF2669: 4950
A2670: 9170-ARBTB | B2670: 1 | C2670: United States | D2670: California | E2670: Felton | F2670: 95018 | G2670: 37.089111, -122.062213 | H2670: 37.089111 | I2670: -122.06221 | J2670: Female | K2670: No | L2670: Yes | M2670: No | N2670: 52 | O2670: Yes | P2670: No | Q2670: No | R2670: No internet service | S2670: No internet service | T2670: No internet service | U2670: No internet service | V2670: No internet service | W2670: No internet service | X2670: One year | Y2670: No | Z2670: Credit card (automatic) | AA2670: 19.6 | AB2670: 1012.4 | AC2670: No | AD2670: 0 | AE2670: 37 | AF2670: 4848
A2671: 7241-AJHFS | B2671: 1 | C2671: United States | D2671: California | E2671: Hollister | F2671: 95023 | G2671: 36.875409, -121.279679 | H2671: 36.875409 | I2671: -121.27968 | J2671: Male | K2671: No | L2671: No | M2671: No | N2671: 32 | O2671: Yes | P2671: Yes | Q2671: Fiber optic | R2671: Yes | S2671: No | T2671: No | U2671: Yes | V2671: No | W2671: No | X2671: Month-to-month | Y2671: No | Z2671: Bank transfer (automatic) | AA2671: 87.65 | AB2671: 2766.4 | AC2671: No | AD2671: 0 | AE2671: 66 | AF2671: 2426
A2672: 4546-FOKWR | B2672: 1 | C2672: United States | D2672: California | E2672: Los Gatos | F2672: 95032 | G2672: 37.233034, -121.947427 | H2672: 37.233034 | I2672: -121.94743 | J2672: Female | K2672: No | L2672: No | M2672: No | N2672: 16 | O2672: Yes | P2672: Yes | Q2672: Fiber optic | R2672: No | S2672: No | T2672: No | U2672: No | V2672: No | W2672: No | X2672: Month-to-month | Y2672: Yes | Z2672: Credit card (automatic) | AA2672: 74.75 | AB2672: 1129.35 | AC2672: No | AD2672: 0 | AE2672: 27 | AF2672: 3574
A2673: 9036-CSKBW | B2673: 1 | C2673: United States | D2673: California | E2673: Los Gatos | F2673: 95033 | G2673: 37.160194, -121.945611 | H2673: 37.160194 | I2673: -121.94561 | J2673: Female | K2673: No | L2673: No | M2673: No | N2673: 51 | O2673: Yes | P2673: Yes | Q2673: Fiber optic | R2673: Yes | S2673: Yes | T2673: Yes | U2673: No | V2673: Yes | W2673: Yes | X2673: One year | Y2673: No | Z2673: Bank transfer (automatic) | AA2673: 107.45 | AB2673: 5680.9 | AC2673: No | AD2673: 0 | AE2673: 24 | AF2673: 5446
A2674: 5832-TRLPB | B2674: 1 | C2674: United States | D2674: California | E2674: Milpitas | F2674: 95035 | G2674: 37.441931, -121.878502 | H2674: 37.441931 | I2674: -121.8785 | J2674: Male | K2674: No | L2674: No | M2674: No | N2674: 29 | O2674: Yes | P2674: No | Q2674: DSL | R2674: No | S2674: No | T2674: Yes | U2674: Yes | V2674: Yes | W2674: Yes | X2674: One year | Y2674: Yes | Z2674: Bank transfer (automatic) | AA2674: 75.35 | AB2674: 2243.9 | AC2674: No | AD2674: 0 | AE2674: 77 | AF2674: 4422
A2675: 8590-YFFQO | B2675: 1 | C2675: United States | D2675: California | E2675: Morgan Hill | F2675: 95037 | G2675: 37.161544, -121.649371 | H2675: 37.161544 | I2675: -121.64937 | J2675: Male | K2675: No | L2675: Yes | M2675: No | N2675: 70 | O2675: Yes | P2675: No | Q2675: DSL | R2675: Yes | S2675: Yes | T2675: Yes | U2675: Yes | V2675: No | W2675: No | X2675: Two year | Y2675: No | Z2675: Credit card (automatic) | AA2675: 64.95 | AB2675: 4523.25 | AC2675: No | AD2675: 0 | AE2675: 78 | AF2675: 5669
A2676: 8659-IOOPU | B2676: 1 | C2676: United States | D2676: California | E2676: Moss Landing | F2676: 95039 | G2676: 36.863303, -121.781632 | H2676: 36.863303 | I2676: -121.78163 | J2676: Female | K2676: No | L2676: Yes | M2676: Yes | N2676: 71 | O2676: Yes | P2676: Yes | Q2676: Fiber optic | R2676: Yes | S2676: No | T2676: Yes | U2676: Yes | V2676: No | W2676: Yes | X2676: Two year | Y2676: No | Z2676: Electronic check | AA2676: 100.45 | AB2676: 7159.7 | AC2676: No | AD2676: 0 | AE2676: 34 | AF2676: 6171
A2677: 1338-CECEE | B2677: 1 | C2677: United States | D2677: California | E2677: Mount Hermon | F2677: 95041 | G2677: 37.051166, -122.056194 | H2677: 37.051166 | I2677: -122.05619 | J2677: Male | K2677: No | L2677: Yes | M2677: No | N2677: 41 | O2677: Yes | P2677: Yes | Q2677: DSL | R2677: No | S2677: Yes | T2677: Yes | U2677: No | V2677: Yes | W2677: No | X2677: One year | Y2677: No | Z2677: Bank transfer (automatic) | AA2677: 68.5 | AB2677: 2839.95 | AC2677: No | AD2677: 0 | AE2677: 54 | AF2677: 3877
A2678: 7439-DKZTW | B2678: 1 | C2678: United States | D2678: California | E2678: Paicines | F2678: 95043 | G2678: 36.525703, -120.952122 | H2678: 36.525703 | I2678: -120.95212 | J2678: Male | K2678: No | L2678: No | M2678: No | N2678: 1 | O2678: Yes | P2678: No | Q2678: Fiber optic | R2678: No | S2678: No | T2678: No | U2678: No | V2678: Yes | W2678: No | X2678: Month-to-month | Y2678: Yes | Z2678: Electronic check | AA2678: 80.55 | AB2678: 80.55 | AC2678: No | AD2678: 0 | AE2678: 21 | AF2678: 3154
A2679: 4646-QZXTF | B2679: 1 | C2679: United States | D2679: California | E2679: San Juan Bautista | F2679: 95045 | G2679: 36.810568, -121.503022 | H2679: 36.810568 | I2679: -121.50302 | J2679: Female | K2679: No | L2679: Yes | M2679: No | N2679: 7 | O2679: Yes | P2679: No | Q2679: DSL | R2679: Yes | S2679: No | T2679: Yes | U2679: Yes | V2679: Yes | W2679: Yes | X2679: Month-to-month | Y2679: No | Z2679: Bank transfer (automatic) | AA2679: 81.25 | AB2679: 580.1 | AC2679: No | AD2679: 0 | AE2679: 57 | AF2679: 5928
A2680: 9742-XOKTS | B2680: 1 | C2680: United States | D2680: California | E2680: Santa Clara | F2680: 95050 | G2680: 37.351214, -121.952417 | H2680: 37.351214 | I2680: -121.95242 | J2680: Male | K2680: No | L2680: Yes | M2680: Yes | N2680: 67 | O2680: Yes | P2680: Yes | Q2680: Fiber optic | R2680: Yes | S2680: Yes | T2680: No | U2680: Yes | V2680: No | W2680: No | X2680: One year | Y2680: No | Z2680: Electronic check | AA2680: 89.55 | AB2680: 6038.55 | AC2680: No | AD2680: 0 | AE2680: 69 | AF2680: 6194
A2681: 6921-OZMFH | B2681: 1 | C2681: United States | D2681: California | E2681: Santa Clara | F2681: 95051 | G2681: 37.348129, -121.98469 | H2681: 37.348129 | I2681: -121.98469 | J2681: Male | K2681: No | L2681: Yes | M2681: Yes | N2681: 5 | O2681: Yes | P2681: Yes | Q2681: DSL | R2681: No | S2681: No | T2681: No | U2681: Yes | V2681: No | W2681: No | X2681: Month-to-month | Y2681: Yes | Z2681: Mailed check | AA2681: 55.7 | AB2681: 259.4 | AC2681: No | AD2681: 0 | AE2681: 46 | AF2681: 3598
... A2857: 6265-FRMTQ | B2857: 1 | C2857: United States | D2857: California | E2857: Scotia | F2857: 95565 | G2857: 40.440636, -124.098739 | H2857: 40.440636 | I2857: -124.09874 | J2857: Male | K2857: No | L2857: No | M2857: No | N2857: 31 | O2857: Yes | P2857: No | Q2857: No | R2857: No internet service | S2857: No internet service | T2857: No internet service | U2857: No internet service | V2857: No internet service | W2857: No internet service | X2857: Two year | Y2857: No | Z2857: Bank transfer (automatic) | AA2857: 20.4 | AB2857: 609.1 | AC2857: No | AD2857: 0 | AE2857: 29 | AF2857: 5363
A2858: 1371-DWPAZ | B2858: 1 | C2858: United States | D2858: California | E2858: Redcrest | F2858: 95569 | G2858: 40.363446, -123.835041 | H2858: 40.363446 | I2858: -123.83504 | J2858: Female | K2858: No | L2858: Yes | M2858: No | N2858: 0 | O2858: No | P2858: No phone service | Q2858: DSL | R2858: Yes | S2858: Yes | T2858: Yes | U2858: Yes | V2858: Yes | W2858: No | X2858: Two year | Y2858: No | Z2858: Credit card (automatic) | AA2858: 56.05 | AC2858: No | AD2858: 0 | AE2858: 30 | AF2858: 4740
A2859: 2017-CCBLH | B2859: 1 | C2859: United States | D2859: California | E2859: Weott | F2859: 95571 | G2859: 40.310119, -123.909449 | H2859: 40.310119 | I2859: -123.90945 | J2859: Female | K2859: No | L2859: No | M2859: No | N2859: 8 | O2859: Yes | P2859: No | Q2859: No | R2859: No internet service | S2859: No internet service | T2859: No internet service | U2859: No internet service | V2859: No internet service | W2859: No internet service | X2859: Two year | Y2859: No | Z2859: Mailed check | AA2859: 20 | AB2859: 141.6 | AC2859: No | AD2859: 0 | AE2859: 71 | AF2859: 3087
A2860: 7690-KPNCU | B2860: 1 | C2860: United States | D2860: California | E2860: Willow Creek | F2860: 95573 | G2860: 40.949012, -123.655847 | H2860: 40.949012 | I2860: -123.65585 | J2860: Male | K2860: No | L2860: Yes | M2860: No | N2860: 64 | O2860: Yes | P2860: No | Q2860: DSL | R2860: Yes | S2860: No | T2860: Yes | U2860: No | V2860: Yes | W2860: Yes | X2860: One year | Y2860: Yes | Z2860: Credit card (automatic) | AA2860: 73.05 | AB2860: 4688.65 | AC2860: No | AD2860: 0 | AE2860: 28 | AF2860: 4515
A2861: 0536-BGFMZ | B2861: 1 | C2861: United States | D2861: California | E2861: Leggett | F2861: 95585 | G2861: 39.873371, -123.741474 | H2861: 39.873371 | I2861: -123.74147 | J2861: Female | K2861: No | L2861: Yes | M2861: No | N2861: 28 | O2861: Yes | P2861: No | Q2861: No | R2861: No internet service | S2861: No internet service | T2861: No internet service | U2861: No internet service | V2861: No internet service | W2861: No internet service | X2861: Month-to-month | Y2861: No | Z2861: Mailed check | AA2861: 20.5 | AB2861: 563.05 | AC2861: No | AD2861: 0 | AE2861: 41 | AF2861: 5145
A2862: 2293-IJWPS | B2862: 1 | C2862: United States | D2862: California | E2862: Piercy | F2862: 95587 | G2862: 39.955587, -123.681175 | H2862: 39.955587 | I2862: -123.68117 | J2862: Female | K2862: No | L2862: Yes | M2862: No | N2862: 57 | O2862: Yes | P2862: Yes | Q2862: Fiber optic | R2862: No | S2862: No | T2862: Yes | U2862: No | V2862: Yes | W2862: Yes | X2862: One year | Y2862: Yes | Z2862: Credit card (automatic) | AA2862: 100.75 | AB2862: 5985 | AC2862: No | AD2862: 0 | AE2862: 31 | AF2862: 6354
A2863: 5469-NUJUR | B2863: 1 | C2863: United States | D2863: California | E2863: Zenia | F2863: 95595 | G2863: 40.170357, -123.417298 | H2863: 40.170357 | I2863: -123.4173 | J2863: Male | K2863: No | L2863: No | M2863: No | N2863: 19 | O2863: Yes | P2863: No | Q2863: No | R2863: No internet service | S2863: No internet service | T2863: No internet service | U2863: No internet service | V2863: No internet service | W2863: No internet service | X2863: Two year | Y2863: Yes | Z2863: Mailed check | AA2863: 19.95 | AB2863: 373.5 | AC2863: No | AD2863: 0 | AE2863: 50 | AF2863: 2831
A2864: 2625-TRCZQ | B2864: 1 | C2864: United States | D2864: California | E2864: Auburn | F2864: 95602 | G2864: 38.99003, -121.114408 | H2864: 38.99003 | I2864: -121.11441 | J2864: Female | K2864: No | L2864: Yes | M2864: No | N2864: 51 | O2864: No | P2864: No phone service | Q2864: DSL | R2864: No | S2864: Yes | T2864: No | U2864: No | V2864: Yes | W2864: Yes | X2864: Month-to-month | Y2864: Yes | Z2864: Electronic check | AA2864: 49.65 | AB2864: 2553.35 | AC2864: No | AD2864: 0 | AE2864: 30 | AF2864: 5528
A2865: 4102-HLENU | B2865: 1 | C2865: United States | D2865: California | E2865: Auburn | F2865: 95603 | G2865: 38.912881, -121.082766 | H2865: 38.912881 | I2865: -121.08277 | J2865: Female | K2865: No | L2865: Yes | M2865: No | N2865: 67 | O2865: Yes | P2865: Yes | Q2865: DSL | R2865: Yes | S2865: Yes | T2865: Yes | U2865: No | V2865: No | W2865: No | X2865: Two year | Y2865: No | Z2865: Mailed check | AA2865: 65.65 | AB2865: 4322.85 | AC2865: No | AD2865: 0 | AE2865: 20 | AF2865: 5441
A2866: 7266-GSSJX | B2866: 1 | C2866: United States | D2866: California | E2866: West Sacramento | F2866: 95605 | G2866: 38.592745, -121.540036 | H2866: 38.592745 | I2866: -121.54004 | J2866: Male | K2866: No | L2866: Yes | M2866: Yes | N2866: 11 | O2866: Yes | P2866: No | Q2866: No | R2866: No internet service | S2866: No internet service | T2866: No internet service | U2866: No internet service | V2866: No internet service | W2866: No internet service | X2866: Month-to-month | Y2866: Yes | Z2866: Electronic check | AA2866: 20.45 | AB2866: 250.8 | AC2866: No | AD2866: 0 | AE2866: 28 | AF2866: 2606
A2867: 7722-VJRQD | B2867: 1 | C2867: United States | D2867: California | E2867: Brooks | F2867: 95606 | G2867: 38.809804, -122.241383 | H2867: 38.809804 | I2867: -122.24138 | J2867: Male | K2867: No | L2867: Yes | M2867: No | N2867: 72 | O2867: No | P2867: No phone service | Q2867: DSL | R2867: Yes | S2867: No | T2867: Yes | U2867: Yes | V2867: Yes | W2867: Yes | X2867: Two year | Y2867: No | Z2867: Bank transfer (automatic) | AA2867: 60.95 | AB2867: 4549.05 | AC2867: No | AD2867: 0 | AE2867: 21 | AF2867: 4147
A2868: 7073-QETQY | B2868: 1 | C2868: United States | D2868: California | E2868: Capay | F2868: 95607 | G2868: 38.681651, -122.130569 | H2868: 38.681651 | I2868: -122.13057 | J2868: Male | K2868: No | L2868: Yes | M2868: No | N2868: 66 | O2868: Yes | P2868: No | Q2868: No | R2868: No internet service | S2868: No internet service | T2868: No internet service | U2868: No internet service | V2868: No internet service | W2868: No internet service | X2868: One year | Y2868: Yes | Z2868: Electronic check | AA2868: 20.35 | AB2868: 1359.5 | AC2868: No | AD2868: 0 | AE2868: 22 | AF2868: 4845
A2869: 5624-RYAMH | B2869: 1 | C2869: United States | D2869: California | E2869: Citrus Heights | F2869: 95610 | G2869: 38.69508, -121.271616 | H2869: 38.69508 | I2869: -121.27162 | J2869: Female | K2869: No | L2869: No | M2869: No | N2869: 9 | O2869: Yes | P2869: No | Q2869: No | R2869: No internet service | S2869: No internet service | T2869: No internet service | U2869: No internet service | V2869: No internet service | W2869: No internet service | X2869: Month-to-month | Y2869: Yes | Z2869: Electronic check | AA2869: 19.5 | AB2869: 178.85 | AC2869: No | AD2869: 0 | AE2869: 64 | AF2869: 4283
A2870: 0196-JTUQI | B2870: 1 | C2870: United States | D2870: California | E2870: Clarksburg | F2870: 95612 | G2870: 38.384648, -121.578701 | H2870: 38.384648 | I2870: -121.5787 | J2870: Female | K2870: No | L2870: No | M2870: No | N2870: 9 | O2870: Yes | P2870: Yes | Q2870: Fiber optic | R2870: No | S2870: No | T2870: No | U2870: No | V2870: No | W2870: No | X2870: Month-to-month | Y2870: Yes | Z2870: Credit card (automatic) | AA2870: 75.2 | AB2870: 633.85 | AC2870: No | AD2870: 0 | AE2870: 68 | AF2870: 5841
... A4332: 5366-OBVMR | B4332: 1 | C4332: United States | D4332: California | E4332: Los Angeles | F4332: 90027 | G4332: 34.127194, -118.295647 | H4332: 34.127194 | I4332: -118.29565 | J4332: Female | K4332: No | L4332: Yes | M4332: No | N4332: 18 | O4332: Yes | P4332: No | Q4332: DSL | R4332: No | S4332: No | T4332: No | U4332: Yes | V4332: No | W4332: No | X4332: Month-to-month | Y4332: Yes | Z4332: Mailed check | AA4332: 50.3 | AB4332: 908.75 | AC4332: No | AD4332: 0 | AE4332: 67 | AF4332: 3740
A4333: 7644-OMVMY | B4333: 1 | C4333: United States | D4333: California | E4333: Los Angeles | F4333: 90029 | G4333: 34.089953, -118.294824 | H4333: 34.089953 | I4333: -118.29482 | J4333: Male | K4333: No | L4333: Yes | M4333: Yes | N4333: 0 | O4333: Yes | P4333: No | Q4333: No | R4333: No internet service | S4333: No internet service | T4333: No internet service | U4333: No internet service | V4333: No internet service | W4333: No internet service | X4333: Two year | Y4333: No | Z4333: Mailed check | AA4333: 19.85 | AC4333: No | AD4333: 0 | AE4333: 53 | AF4333: 2019
A4334: 4573-JKNAE | B4334: 1 | C4334: United States | D4334: California | E4334: Los Angeles | F4334: 90032 | G4334: 34.078821, -118.177576 | H4334: 34.078821 | I4334: -118.17758 | J4334: Male | K4334: No | L4334: No | M4334: Yes | N4334: 12 | O4334: Yes | P4334: No | Q4334: No | R4334: No internet service | S4334: No internet service | T4334: No internet service | U4334: No internet service | V4334: No internet service | W4334: No internet service | X4334: Two year | Y4334: No | Z4334: Bank transfer (automatic) | AA4334: 19.35 | AB4334: 212.3 | AC4334: No | AD4334: 0 | AE4334: 74 | AF4334: 2558
A4335: 9817-APLHW | B4335: 1 | C4335: United States | D4335: California | E4335: Los Angeles | F4335: 90034 | G4335: 34.030578, -118.399613 | H4335: 34.030578 | I4335: -118.39961 | J4335: Male | K4335: No | L4335: No | M4335: No | N4335: 12 | O4335: Yes | P4335: Yes | Q4335: No | R4335: No internet service | S4335: No internet service | T4335: No internet service | U4335: No internet service | V4335: No internet service | W4335: No internet service | X4335: Month-to-month | Y4335: No | Z4335: Electronic check | AA4335: 25 | AB4335: 316.2 | AC4335: No | AD4335: 0 | AE4335: 53 | AF4335: 4408
...

Sheet Sheet2
A1: Metric | B1: Value | E1: Internet Service | F1: Churned Customers
A2: Total Customers | B2: =COUNTA(task2!A3:A7038) -> 7036 | E2: DSL | F2: =COUNTIFS(task2!Q3:Q7038,"DSL",task2!AC3:AC7038,"YES") -> 458
A3: Churned Customers | B3: =COUNTIF(task2!AC3:AC7038,"Yes") -> 1868 | E3: Fiber optic | F3: =COUNTIFS(task2!Q3:Q7038,"FIBER OPTIC",task2!AC3:AC7038,"YES") -> 1297
A4: Stayed Customers | B4: =COUNTIF(task2!AC3:AC7038,"No") -> 5168 | E4: No | F4: =COUNTIFS(task2!Q3:Q7038,"NO",task2!AC3:AC7038,"YES") -> 113
A5: Churn Rate | B5: =2015/7036 -> 0.28638431
A8: Contract | B8: Churned Customers | E8: Engagement Service | F8: Churned Customers
A9: Month-to-month | B9: =COUNTIFS(task2!X3:X7038,"MONTH-TO-MONTH",task2!AC3:AC7038,"YES") -> 1654 | E9: Tech Support – Yes | F9: =COUNTIFS(task2!U:U,"Yes",task2!AC:AC,"Yes") -> 310
A10: One year | B10: =COUNTIFS(task2!X3:X7038,"ONE YEAR",task2!AC3:AC7038,"YES") -> 166 | E10: Tech Support – No | F10: =COUNTIFS(task2!U:U,"NO",task2!AC:AC,"Yes") -> 1446
A11: Two year | B11: =COUNTIFS(task2!X3:X7038,"TWO YEAR",task2!AC3:AC7038,"YES") -> 48 | E11: Online Security – Yes | F11: =COUNTIFS(task2!R:R,"Yes",task2!AC:AC,"Yes") -> 295
E12: Online Security – No | F12: =COUNTIFS(task2!R:R,"NO",task2!AC:AC,"Yes") -> 1461
A13: Tenure Group | B13: Churned Customers | E13: Online Backup – Yes | F13: =COUNTIFS(task2!S:S,"Yes",task2!AC:AC,"Yes") -> 523
A14: 0–12 Months | B14: =COUNTIFS(task2!N3:N7038,">=0",task2!N3:N7038,"<=12",task2!AC3:AC7038,"YES") -> 1036 | E14: Online Backup – No | F14: =COUNTIFS(task2!S:S,"NO",task2!AC:AC,"Yes") -> 1233
A15: 13–24 Months | B15: =COUNTIFS(task2!N3:N7038,">=13",task2!N3:N7038,"<=24",task2!AC3:AC7038,"YES") -> 294
A16: 25–48 Months | B16: =COUNTIFS(task2!N3:N7038,">=25",task2!N3:N7038,"<=48",task2!AC3:AC7038,"YES") -> 325
A17: 49+ Months | B17: =COUNTIFS(task2!N3:N7038,">=49",task2!AC3:AC7038,"YES") -> 213
A19: Monthly Charges | B19: Churned Customers
A20: Below $50 | B20: =COUNTIFS(task2!AA3:AA7038,"<50",task2!AC3:AC7038,"Yes") -> 361
A21: $50–$100 | B21: =COUNTIFS(task2!AA3:AA7038,">=50",task2!AA3:AA7038,"<=100",task2!AC3:AC7038,"Yes") -> 1254
A22: Above $100 | B22: =COUNTIFS(task2!AA3:AA7038,">50",task2!AC3:AC7038,"Yes") -> 1507
